{"overall":{"all":{"n":117928,"min":1.0,"max":117928.0,"p1":1180.27,"p2":2359.54,"p3":3538.81,"p4":4717.16,"p5":5897.0,"p10":11793.7,"p15":17690.05,"p20":23586.4,"p25":29482.75,"p30":35378.2,"p35":41275.45,"p40":47171.8,"p45":53068.15,"p50":58964.5,"p55":64860.850000000006,"p60":70757.2,"p65":76653.55,"p70":82549.0,"p75":88446.25,"p80":94342.6,"p85":100238.0,"p90":106135.0,"p95":112031.0,"p96":113210.92,"p97":114390.19,"p98":115569.0,"p99":116748.73},"16-17":{"n":1124,"min":494.0,"max":117830.0,"p1":1999.38,"p2":3172.54,"p3":4337.59,"p4":4871.12,"p5":5899.700000000002,"p10":13171.7,"p15":20063.6,"p20":28277.800000000003,"p25":35524.5,"p30":43801.1,"p35":52405.299999999974,"p40":59634.4,"p45":68517.0,"p50":76654.5,"p55":82437.65000000001,"p60":87034.4,"p65":92776.35,"p70":97497.29999999999,"p75":101447.75,"p80":105183.4,"p85":108165.65,"p90":111964.3,"p95":115197.65,"p96":116135.08,"p97":116548.92,"p98":116769.26,"p99":117290.18},"18-24":{"n":5620,"min":2.0,"max":117912.0,"p1":382.19,"p2":763.9,"p3":1211.6999999999998,"p4":1627.04,"p5":2160.7,"p10":5324.4,"p15":9358.55,"p20":14088.199999999999,"p25":18587.75,"p30":23419.5,"p35":28860.449999999997,"p40":35065.399999999994,"p45":42100.700000000004,"p50":49019.0,"p55":56104.90000000001,"p60":63697.0,"p65":70996.4,"p70":77697.6,"p75":83960.0,"p80":91899.0,"p85":99037.4,"p90":104778.3,"p95":111403.15000000001,"p96":112615.12,"p97":113750.88,"p98":115187.76,"p99":116623.1},"25-29":{"n":16017,"min":1.0,"max":117922.0,"p1":415.64,"p2":866.3199999999999,"p3":1385.9199999999998,"p4":1989.1999999999998,"p5":2484.0,"p10":5799.200000000001,"p15":9374.400000000001,"p20":13321.2,"p25":17742.0,"p30":22740.800000000003,"p35":27680.399999999998,"p40":33310.200000000004,"p45":38907.8,"p50":45092.0,"p55":51673.20000000002,"p60":57801.6,"p65":64494.2,"p70":71455.4,"p75":78609.0,"p80":86487.8,"p85":94648.0,"p90":102279.19999999998,"p95":110143.4,"p96":111664.08,"p97":113195.72000000002,"p98":114734.72,"p99":116298.4},"30-34":{"n":26614,"min":3.0,"max":117924.0,"p1":871.13,"p2":1713.78,"p3":2556.73,"p4":3346.04,"p5":4107.900000000001,"p10":8301.3,"p15":12788.0,"p20":17362.4,"p25":22285.25,"p30":27175.8,"p35":32589.55,"p40":38061.4,"p45":43314.85,"p50":49010.0,"p55":55034.600000000006,"p60":61193.8,"p65":67626.0,"p70":74181.29999999999,"p75":80863.5,"p80":87726.6,"p85":94832.34999999999,"p90":102026.0,"p95":109646.0,"p96":111292.95999999999,"p97":112864.61,"p98":114449.73999999999,"p99":116190.95999999999},"35-39":{"n":27116,"min":36.0,"max":117926.0,"p1":1616.75,"p2":2947.0,"p3":4220.45,"p4":5397.6,"p5":6534.25,"p10":12111.5,"p15":17659.5,"p20":22847.0,"p25":28504.0,"p30":33808.5,"p35":39367.75,"p40":45116.0,"p45":50601.75,"p50":56305.5,"p55":61903.25,"p60":67665.0,"p65":73511.75,"p70":79385.5,"p75":85268.0,"p80":91692.0,"p85":97862.25,"p90":104339.0,"p95":110971.5,"p96":112274.99999999999,"p97":113657.1,"p98":115076.20000000001,"p99":116473.49999999999},"40-44":{"n":20253,"min":165.0,"max":117920.0,"p1":3701.36,"p2":5814.08,"p3":7910.92,"p4":9663.24,"p5":11181.2,"p10":18517.0,"p15":25141.8,"p20":31133.4,"p25":37027.0,"p30":42672.2,"p35":48311.2,"p40":53614.8,"p45":59292.4,"p50":64599.0,"p55":69875.2,"p60":75456.79999999999,"p65":80794.8,"p70":85943.8,"p75":90825.0,"p80":95919.6,"p85":101204.6,"p90":106726.6,"p95":112344.79999999999,"p96":113499.84,"p97":114601.2,"p98":115685.88,"p99":116763.31999999999},"45-49":{"n":13433,"min":463.0,"max":117928.0,"p1":7430.759999999999,"p2":11133.4,"p3":14154.08,"p4":16593.0,"p5":18422.4,"p10":27421.6,"p15":34639.0,"p20":40964.8,"p25":46940.0,"p30":52766.0,"p35":58201.2,"p40":63547.600000000006,"p45":68502.2,"p50":73408.0,"p55":78229.40000000001,"p60":83322.8,"p65":87973.0,"p70":92452.0,"p75":96673.0,"p80":101317.4,"p85":105644.99999999999,"p90":109879.6,"p95":114019.4,"p96":114843.44,"p97":115564.2,"p98":116333.88,"p99":117151.36},"50+":{"n":7751,"min":2435.0,"max":117919.0,"p1":12206.5,"p2":16638.0,"p3":20180.0,"p4":23351.0,"p5":26076.0,"p10":36364.0,"p15":44764.5,"p20":51172.0,"p25":57391.0,"p30":63206.0,"p35":68542.5,"p40":73369.0,"p45":78131.5,"p50":82415.0,"p55":86587.5,"p60":90733.0,"p65":94715.5,"p70":98680.0,"p75":102645.5,"p80":106013.0,"p85":109145.5,"p90":112242.0,"p95":115189.0,"p96":115735.0,"p97":116294.5,"p98":116856.0,"p99":117375.0}},"wod_1":{"reps":{"all":{"n":113951,"min":1.0,"max":353.0,"p1":98.5,"p2":111.0,"p3":119.0,"p4":126.0,"p5":130.0,"p10":145.0,"p15":154.0,"p20":162.0,"p25":169.0,"p30":176.0,"p35":182.0,"p40":187.0,"p45":193.0,"p50":199.0,"p55":205.0,"p60":211.0,"p65":216.0,"p70":222.0,"p75":229.0,"p80":237.0,"p85":245.0,"p90":256.0,"p95":273.0,"p96":278.0,"p97":286.0,"p98":292.0,"p99":305.0},"16-17":{"n":1087,"min":1.0,"max":324.0,"p1":65.32,"p2":88.0,"p3":99.0,"p4":104.0,"p5":111.0,"p10":129.0,"p15":143.0,"p20":149.20000000000002,"p25":155.0,"p30":161.0,"p35":168.0,"p40":175.0,"p45":180.0,"p50":186.0,"p55":192.0,"p60":199.0,"p65":206.89999999999998,"p70":214.0,"p75":221.0,"p80":230.0,"p85":239.0,"p90":248.0,"p95":267.0,"p96":271.0,"p97":278.0,"p98":286.28,"p99":295.0},"18-24":{"n":5405,"min":1.0,"max":353.0,"p1":99.0,"p2":111.0,"p3":117.0,"p4":126.0,"p5":131.0,"p10":148.0,"p15":159.0,"p20":168.0,"p25":176.0,"p30":184.0,"p35":190.0,"p40":197.0,"p45":204.0,"p50":212.0,"p55":217.0,"p60":224.0,"p65":230.0,"p70":238.0,"p75":244.0,"p80":252.0,"p85":261.0,"p90":274.60000000000036,"p95":291.0,"p96":297.0,"p97":302.0,"p98":309.9200000000001,"p99":321.0},"25-29":{"n":15401,"min":1.0,"max":353.0,"p1":102.0,"p2":116.0,"p3":126.0,"p4":131.0,"p5":136.0,"p10":154.0,"p15":164.0,"p20":173.0,"p25":180.0,"p30":187.0,"p35":194.0,"p40":200.0,"p45":209.0,"p50":214.0,"p55":220.0,"p60":226.0,"p65":232.0,"p70":238.0,"p75":245.0,"p80":253.0,"p85":261.0,"p90":273.0,"p95":290.0,"p96":295.0,"p97":301.0,"p98":308.0,"p99":319.0},"30-34":{"n":25713,"min":1.0,"max":353.0,"p1":104.0,"p2":116.0,"p3":126.0,"p4":131.0,"p5":136.0,"p10":151.20000000000027,"p15":162.0,"p20":170.0,"p25":178.0,"p30":184.0,"p35":190.0,"p40":196.0,"p45":203.0,"p50":210.0,"p55":214.0,"p60":220.0,"p65":226.0,"p70":232.0,"p75":238.0,"p80":245.0,"p85":253.0,"p90":264.0,"p95":282.0,"p96":287.0,"p97":292.0,"p98":298.0,"p99":310.0},"35-39":{"n":26262,"min":1.0,"max":346.0,"p1":102.0,"p2":115.0,"p3":123.0,"p4":128.0,"p5":132.0,"p10":147.0,"p15":157.0,"p20":165.0,"p25":172.0,"p30":178.0,"p35":184.0,"p40":190.0,"p45":195.0,"p50":201.0,"p55":208.0,"p60":213.0,"p65":218.0,"p70":224.0,"p75":230.0,"p80":237.0,"p85":245.0,"p90":255.0,"p95":270.0,"p96":275.0,"p97":281.0,"p98":288.0,"p99":300.0},"40-44":{"n":19599,"min":1.0,"max":351.0,"p1":96.98000000000002,"p2":109.0,"p3":116.0,"p4":123.0,"p5":128.0,"p10":144.0,"p15":152.0,"p20":159.0,"p25":166.0,"p30":172.0,"p35":177.0,"p40":182.0,"p45":188.0,"p50":193.0,"p55":198.0,"p60":204.0,"p65":210.0,"p70":215.0,"p75":220.0,"p80":227.0,"p85":234.0,"p90":243.0,"p95":258.0,"p96":262.0,"p97":268.0,"p98":275.0,"p99":286.0},"45-49":{"n":13002,"min":1.0,"max":340.0,"p1":90.00999999999999,"p2":106.0,"p3":114.0,"p4":119.0,"p5":126.0,"p10":138.0,"p15":147.0,"p20":154.0,"p25":159.0,"p30":165.0,"p35":169.0,"p40":175.0,"p45":179.0,"p50":184.0,"p55":188.0,"p60":194.0,"p65":199.0,"p70":205.0,"p75":211.0,"p80":216.0,"p85":223.0,"p90":232.0,"p95":244.0,"p96":248.0,"p97":252.0,"p98":258.0,"p99":268.0},"50+":{"n":7482,"min":1.0,"max":328.0,"p1":87.0,"p2":101.0,"p3":107.42999999999998,"p4":112.0,"p5":117.0,"p10":131.0,"p15":140.0,"p20":147.0,"p25":152.0,"p30":157.0,"p35":162.0,"p40":167.0,"p45":171.0,"p50":176.0,"p55":180.0,"p60":184.0,"p65":189.0,"p70":194.0,"p75":199.0,"p80":206.0,"p85":213.0,"p90":221.0,"p95":233.0,"p96":237.0,"p97":242.0,"p98":248.3800000000001,"p99":258.0}},"time":{"all":{"n":55,"min":501.0,"max":719.0,"p1":563.1,"p2":619.44,"p3":642.66,"p4":659.16,"p5":659.7,"p10":670.0,"p15":679.1,"p20":684.2,"p25":691.5,"p30":693.2,"p35":696.9,"p40":701.0,"p45":702.9,"p50":706.0,"p55":707.7,"p60":709.4,"p65":711.0,"p70":712.0,"p75":714.0,"p80":715.0,"p85":717.0,"p90":718.0,"p95":719.0,"p96":719.0,